{
  "id": "11",
  "name": "Anas Jamal Mahmoud Al-Sharif",
  "bio": "«Si yo me callara, ¿quién sería la voz de estas mujeres y estos niños?» Así respondió Anas a un amigo cuando le pidió que velara por su seguridad.\n\nAnas Al-Sharif, periodista palestino, falleció el 10 de agosto cumpliendo con su deber, junto a sus compañeros Muhammad Qeriqaa, Ibrahim Zahir y Mohamed Nofal. Su voz, que nunca se rindió ante el asedio y la ocupación, deja un legado de verdad y dignidad.",
  "image": "/imagenes/anas.png",
  "social": {},
  "testimonies": [
    {
      "id": "t1",
      "title": "Mi testamento",
      "summary": "",
      "date": "Les encomiendo Palestina, la joya de la corona de los musulmanes y el latido del corazón de todo ser libre."
    }
  ]
}