{
  "id": "13",
  "name": "Hazem Suleiman",
  "bio": "Un grito poderoso del periodista palestino Hazem Suleiman. Denuncia el silencio cómplice del mundo ante el asesinato de más de 300 periodistas en Gaza y acusa a la hipocresía global de ser cómplice en el crimen contra la verdad.",
  "image": "/imagenes/hazem_suleiman.jpg",
  "social": {
    "donation": "https://www.gofundme.com/f/mulham-charity-team?utm_campaign=fp_sharesheet&utm_medium=customer&utm_source=copy_link&lang=en_US&fbclid=PAQ0xDSwMQj2pleHRuA2FlbQIxMQABp3k_eZFM0Eh3uhDbMZPY83sdHkwASMeUmxP_-rKe-bq34de5AsHNWd9BaK2__aem_0DGs9N7qK3Cl-JHO3lIXzQ",
    "instagram": "https://www.instagram.com/hazmaslman?igsh=MWYwenRub3p2bmt6Yw==",
    "whatsapp": "00970592186728"
  },
  "testimonies": [
    {
      "id": "t1",
      "title": "¡Despertad, mundo hipócrita!",
      "summary": "¡Despertad, mundo manchado de vergüenza!",
      "date": "¡Despertad, mundo manchado de vergüenza!"
    }
  ]
}