{
  "id": "17",
  "name": "Muhammad Al-Sharif",
  "bio": "Un llamado desesperado de Muhammad Al-Sharif pidiendo al mundo que actúe ante la amenaza que enfrenta Gaza. Denuncia el sufrimiento de un millón de personas atrapadas entre el fuego y la destrucción y urge a la humanidad, a los árabes y a la conciencia global a no permanecer en silencio.",
  "image": "/imagenes/muhammad_al_sharif.jpg",
  "social": {},
  "testimonies": [
    {
      "id": "t1",
      "title": "salven lo que aún queda de Gaza!",
      "summary": "¡Oh mundo, salven lo que aún queda de Gaza! La ocupación amenaza con arrasar una ciudad donde sobreviven cerca de un millón de seres humanos:",
      "date": "¡Oh mundo, salven lo que aún queda de Gaza!"
    }
  ]
}