{
  "id": "18",
  "name": "Mahmoud Zaki Al-Amoudi",
  "bio": "Mahmoud Zaki Al-Amoudi expresa con sinceridad la fragilidad humana frente a la enfermedad y el asedio, y la esperanza en Allah, reflejando la resistencia espiritual del pueblo palestino.",
  "image": "/imagenes/mahmoud_zaki.jpg",
  "social": {},
  "testimonies": [
    {
      "id": "t1",
      "title": "Palabras desde el corazón",
      "summary": "La paz y la misericordia de Allah estén con ustedes.",
      "date": "La paz y la misericordia de Allah estén con ustedes. Dos palabras, un consejo y una súplica… quizá duelan un poco, pero es necesario decirlas. Subḥan Allah… desde hace diez días voy de una enfermedad a otra. Y, con la gracia de Allah Todopoderoso, siento como si Él quisiera llevarnos hacia Él, puros, con corazones blancos, sin pecados."
    },
    {
      "id": "t2",
      "title": "Después del silencio",
      "summary": "Quisiera hablar...",
      "date": "La paz y la misericordia de Allah estén con ustedes. Dos palabras, un consejo y una súplica… quizá duelan un poco, pero es necesario decirlas. Subḥan Allah… desde hace diez días voy de una enfermedad a otra. Y, con la gracia de Allah Todopoderoso, siento como si Él quisiera llevarnos hacia Él, puros, con corazones blancos, sin pecados."
    }
  ]
}