{
  "items": [
    {
      "id": "11",
      "name": "Anas Jamal Mahmoud Al-Sharif",
      "image": "/imagenes/anas.png"
    },
    {
      "id": "18",
      "name": "Mahmoud Zaki Al-Amoudi",
      "image": "/imagenes/mahmoud_zaki.jpg"
    },
    {
      "id": "28",
      "name": "Rajaa Hamed Hamdune",
      "image": "/imagenes/rajae-hamed.jpg"
    },
    {
      "id": "17",
      "name": "Muhammad Al-Sharif",
      "image": "/imagenes/muhammad_al_sharif.jpg"
    },
    {
      "id": "3",
      "name": "Khaled Abu Huwaishel",
      "image": "/imagenes/Khaled_Abu_Huwaishel.jpg"
    },
    {
      "id": "6",
      "name": "Karim Al Masri",
      "image": "/imagenes/Karim_Al_Masri.jpg"
    },
    {
      "id": "9",
      "name": "Faten Mofeed",
      "image": "/imagenes/faten.jpg"
    },
    {
      "id": "8",
      "name": "Abdul Razzaq Al-Majdalawi",
      "image": "/imagenes/Abdul_Razzaq_Al-Majdalawi.jpg"
    },
    {
      "id": "13",
      "name": "Hazem Suleiman",
      "image": "/imagenes/hazem_suleiman.jpg"
    },
    {
      "id": "14",
      "name": "Sara Zaqout",
      "image": "/imagenes/sara2.jpg"
    },
    {
      "id": "15",
      "name": "Mahmoud Saber Basal",
      "image": "/imagenes/mahmoud_saber.jpg"
    },
    {
      "id": "26",
      "name": "Mohamed Adwan",
      "image": "/imagenes/mohamed_adwan.jpg"
    },
    {
      "id": "36",
      "name": "Saleh Amer Fuad Al-Jaafrawi",
      "image": "/imagenes/saleh-amer.png"
    }
  ]
}