{
  "id": "t1",
  "title": "Mi testamento",
    "paragraphs":[
      
        "",
        "Este es mi testamento, mi última carta.",
        "Si estas palabras llegan a ustedes,",
        "sepan que Israel ha logrado matarme y silenciar mi voz.",
        "Ante todo, que la paz, la misericordia y las bendiciones de Allah estén con ustedes.",
        "Allah sabe que puse todo mi esfuerzo y mi fuerza",
        "para ser un apoyo y una voz para mi pueblo,",
        "desde que abrí los ojos a la vida",
        "en los callejones y barrios del campamento de refugiados de Yabalia.",
        "Mi esperanza era que Allah prolongara mi vida",
        "para que pudiera regresar con mi familia y mis seres queridos",
        "a nuestra ciudad original, Ascalón ocupada —al-Majdal—.",
        "Pero la voluntad de Allah fue anterior,",
        "y Su decreto se cumplió.",
        "Viví el dolor en todos sus detalles,",
        "probé la pérdida y el sufrimiento muchas veces,",
        "y, a pesar de ello, nunca dejé de transmitir la verdad tal como es,",
        "sin distorsión ni falsificación.",
        "Tal vez Allah sea testigo",
        "de quienes callaron y de quienes aceptaron que nos mataran,",
        "de quienes asfixiaron nuestra respiración,",
        "y de quienes no se conmovieron",
        "ante los restos de nuestros niños y mujeres,",
        "ni detuvieron la masacre que sufre nuestro pueblo",
        "desde hace más de un año y medio.",
        "Les encomiendo Palestina,",
        "joya de la corona de los musulmanes",
        "y latido del corazón de todo ser libre en este mundo.",
        "Les encomiendo a su gente",
        "y a sus niños pequeños oprimidos,",
        "a quienes la vida no les dio tiempo",
        "para soñar ni vivir en paz y seguridad.",
        "Sus cuerpos puros fueron aplastados",
        "por miles de toneladas de bombas y misiles israelíes,",
        "desgarrados y esparcidos sus miembros contra los muros.",
        "Les encomiendo que las cadenas no los silencien,",
        "ni las fronteras los detengan.",
        "Sean puentes hacia la liberación",
        "de la tierra y de su gente,",
        "hasta que el sol de la dignidad y la libertad",
        "brille sobre nuestra patria usurpada.",
        "Les encomiendo a mi familia.",
        "Les encomiendo a la niña de mis ojos,",
        "mi amada hija Sham,",
        "a quien no me alcanzaron los días",
        "para verla crecer como soñaba.",
        "Y les encomiendo a mi querido hijo Salah,",
        "con quien deseaba caminar hombro a hombro,",
        "hasta que su fortaleza madurara,",
        "y pudiera cargar conmigo la responsabilidad",
        "y continuar el mensaje.",
        "Les encomiendo a mi amada madre,",
        "por cuya bendición en sus oraciones llegué hasta aquí.",
        "Sus súplicas fueron mi fortaleza",
        "y su luz, mi guía.",
        "Pido a Allah que fortalezca su corazón",
        "y la recompense abundantemente por mí.",
        "También les encomiendo a la compañera de mi vida,",
        "mi querida esposa, Umm Salah, Bayan,",
        "de quien la guerra me separó días y meses,",
        "pero que se mantuvo fiel a la promesa,",
        "firme como un tronco de olivo que no se doblega,",
        "paciente y confiada en Allah,",
        "llevando la responsabilidad en mi ausencia",
        "con fuerza y fe.",
        "Les ruego que se reúnan alrededor de ellos",
        "y sean su apoyo después de Allah.",
        "Si muero,",
        "muero firme en mi principio,",
        "y atestiguo ante Allah que estoy complacido con Su decreto,",
        "creyente en Su encuentro,",
        "convencido de que lo que hay junto a Él es mejor y más duradero.",
        "¡Oh Allah!",
        "Acéptame entre los mártires,",
        "perdóname lo pasado y lo futuro de mis pecados,",
        "y haz de mi sangre una luz",
        "que ilumine el camino de la libertad",
        "para mi pueblo y mi familia.",
        "Perdónenme si fallé,",
        "y rueguen por mí misericordia,",
        "pues he partido fiel al compromiso,",
        "sin cambiar ni traicionar.",
        "No olviden Gaza…",
        "y no me olviden en sus oraciones sinceras",
        "pidiendo perdón y aceptación.",
        "Anas Jamal al-Sharif",
        "06.04.2025"
      
    ],
  "pages": [
    {
      "tipo": "texto",
      "content": [
        "\"إِنَّا لِلَّٰهِ وَإِنَّا إِلَيْهِ رَاجِعُونَ\"",
        "",
        "Este es mi testamento, mi última carta.",
        "Si estas palabras llegan a ustedes,",
        "sepan que Israel ha logrado matarme y silenciar mi voz.",
        "Ante todo, que la paz, la misericordia y las bendiciones de Allah estén con ustedes.",
        "Allah sabe que puse todo mi esfuerzo y mi fuerza",
        "para ser un apoyo y una voz para mi pueblo,",
        "desde que abrí los ojos a la vida",
        "en los callejones y barrios del campamento de refugiados de Yabalia.",
        "Mi esperanza era que Allah prolongara mi vida",
        "para que pudiera regresar con mi familia y mis seres queridos",
        "a nuestra ciudad original, Ascalón ocupada —al-Majdal—.",
        "Pero la voluntad de Allah fue anterior,",
        "y Su decreto se cumplió.",
        "Viví el dolor en todos sus detalles,",
        "probé la pérdida y el sufrimiento muchas veces,",
        "y, a pesar de ello, nunca dejé de transmitir la verdad tal como es,",
        "sin distorsión ni falsificación.",
        "Tal vez Allah sea testigo",
        "de quienes callaron y de quienes aceptaron que nos mataran,",
        "de quienes asfixiaron nuestra respiración,",
        "y de quienes no se conmovieron",
        "ante los restos de nuestros niños y mujeres,",
        "ni detuvieron la masacre que sufre nuestro pueblo",
        "desde hace más de un año y medio.",
        "Les encomiendo Palestina,",
        "joya de la corona de los musulmanes",
        "y latido del corazón de todo ser libre en este mundo.",
        "Les encomiendo a su gente",
        "y a sus niños pequeños oprimidos,",
        "a quienes la vida no les dio tiempo",
        "para soñar ni vivir en paz y seguridad.",
        "Sus cuerpos puros fueron aplastados",
        "por miles de toneladas de bombas y misiles israelíes,",
        "desgarrados y esparcidos sus miembros contra los muros.",
        "Les encomiendo que las cadenas no los silencien,",
        "ni las fronteras los detengan.",
        "Sean puentes hacia la liberación",
        "de la tierra y de su gente,",
        "hasta que el sol de la dignidad y la libertad",
        "brille sobre nuestra patria usurpada.",
        "Les encomiendo a mi familia.",
        "Les encomiendo a la niña de mis ojos,",
        "mi amada hija Sham,",
        "a quien no me alcanzaron los días",
        "para verla crecer como soñaba.",
        "Y les encomiendo a mi querido hijo Salah,",
        "con quien deseaba caminar hombro a hombro,",
        "hasta que su fortaleza madurara,",
        "y pudiera cargar conmigo la responsabilidad",
        "y continuar el mensaje.",
        "Les encomiendo a mi amada madre,",
        "por cuya bendición en sus oraciones llegué hasta aquí.",
        "Sus súplicas fueron mi fortaleza",
        "y su luz, mi guía.",
        "Pido a Allah que fortalezca su corazón",
        "y la recompense abundantemente por mí.",
        "También les encomiendo a la compañera de mi vida,",
        "mi querida esposa, Umm Salah, Bayan,",
        "de quien la guerra me separó días y meses,",
        "pero que se mantuvo fiel a la promesa,",
        "firme como un tronco de olivo que no se doblega,",
        "paciente y confiada en Allah,",
        "llevando la responsabilidad en mi ausencia",
        "con fuerza y fe.",
        "Les ruego que se reúnan alrededor de ellos",
        "y sean su apoyo después de Allah.",
        "Si muero,",
        "muero firme en mi principio,",
        "y atestiguo ante Allah que estoy complacido con Su decreto,",
        "creyente en Su encuentro,",
        "convencido de que lo que hay junto a Él es mejor y más duradero.",
        "¡Oh Allah!",
        "Acéptame entre los mártires,",
        "perdóname lo pasado y lo futuro de mis pecados,",
        "y haz de mi sangre una luz",
        "que ilumine el camino de la libertad",
        "para mi pueblo y mi familia.",
        "Perdónenme si fallé,",
        "y rueguen por mí misericordia,",
        "pues he partido fiel al compromiso,",
        "sin cambiar ni traicionar.",
        "No olviden Gaza…",
        "y no me olviden en sus oraciones sinceras",
        "pidiendo perdón y aceptación.",
        "Anas Jamal al-Sharif",
        "06.04.2025"
      ]
    },
    {
      "tipo": "videoTexto",
      "video": "/videos/almarhoum.mp4",
      "texto": [
        "Tenía talladas en mi pecho",
        "las palabras de Allah ﷻ سبحانه وتعالى:",
        "\"En verdad, los creyentes son hermanos\".",
        "Pero no comprendí su esencia",
        "hasta sentir en mi alma la herida de tu ausencia.",
        "Lloro,",
        "y no sé si mi llanto",
        "es por ti o por mí.",
        "Tú eres el mártir,",
        "y todos nosotros meros espectadores.",
        "Tú estás vivo junto a tu Creador,",
        "y nosotros,",
        "simples moribundos vagando sin rumbo por Su tierra.",
        "Querido hermano,",
        "nos has iluminado el camino",
        "y enseñado a no temer la sombra.",
        "Seguiremos tu senda",
        "y no nos desviaremos de ella,",
        "hasta que los cobardes paguen y la sangre de los mártires sea vengada.",
        "No nos rendiremos.",
        "إِنَّا لِلَّٰهِ وَإِنَّا إِلَيْهِ رَاجِعُونَ، رحمك الله وأسكنك فسيح جناته",
        "\"De Allah venimos y a Él retornamos.\"",
        "\"Que Allah ﷻ te bendiga y te conceda Su amplia misericordia.\""
      ]
    },
    {
      "tipo": "imagen",
      "src": "/imagenes/anas2.png",
      "alt": "Imagen final del capítulo"
    },
    {
      "tipo": "imagen",
      "src": "/imagenes/chohada2.png",
      "alt": "Imagen final del capítulo",
      "caption": []
    },
    {
      "tipo": "imagen",
      "src": "/imagenes/chahid1.jpg",
      "alt": "Imagen final del capítulo"
    },
    {
      "tipo": "imagen",
      "src": "/imagenes/chahid2.jpg",
      "alt": "Imagen final del capítulo"
    },
    {
      "tipo": "imagen",
      "src": "/imagenes/chahid3.jpg",
      "alt": "Imagen final del capítulo"
    },
    {
      "tipo": "imagen",
      "src": "/imagenes/chahid4.jpg",
      "alt": "Imagen final del capítulo"
    },
    {
      "tipo": "imagen",
      "src": "/imagenes/chahid5.jpg",
      "alt": "Imagen final del capítulo"
    },
    {
      "tipo": "imagen",
      "src": "/imagenes/chahid6.jpg",
      "alt": "Imagen final del capítulo"
    }
  ]
}