{
  "id": "analyst2",
  "name": "Nadia Karim",
  "title": "Análisis: Estrategias de Resistencia Cultural",
  "image": "/images/captura-20de-20pantalla-202025-11-18-20210411.png",
  "content": "La resistencia cultural palestina se manifiesta a través del arte, la música y la literatura como formas de preservar la identidad nacional.",
  "paragraphs": [
    "Desde la Nakba de 1948, el pueblo palestino ha utilizado expresiones culturales para mantener viva su memoria colectiva y su conexión con la tierra. Los artistas palestinos han creado obras que documentan la experiencia del desplazamiento y la ocupación.",
    "La poesía de Mahmoud Darwish se convirtió en un símbolo de la resistencia, transformando el dolor de la diáspora en versos que resonaron internacionalmente. Sus palabras capturaron la nostalgia por la tierra perdida y el anhelo de retorno.",
    "El arte visual palestino también juega un papel crucial, desde los murales en los campos de refugiados hasta las instalaciones contemporáneas que cuestionan las narrativas dominantes sobre el conflicto.",
    "La música tradicional palestina, como el dabke, se ha convertido en una forma de afirmación identitaria, especialmente en las comunidades de la diáspora donde mantener las tradiciones culturales es un acto de resistencia en sí mismo."
  ]
}
